1;Książki
2;Komiksy
3;Sport, forma fizyczna
4;Audiobooki
5;Dramat
6;Literatura piękna - proza polska
7;Książki dla dzieci
8;Lektury szkolne
9;Romans
10;Literatura dla dzieci
11;Informatyka, Internet
12;e-booki
13;Dom
14;multimedia
15;Nauka języków
16;zabawki
17;Figurki
18;Atlasy i przewodniki
19;Zabawki do kąpieli
20;Gry komputerowe
21;Puzzle
22;Filmy
23;Pojazdy
24;Humor Satyra
25;Literatura obcojęzyczna
26;Art.pap.
27;Notatniki
28;Torby, plecaki
29;Naklejki
30;Szkoła podstawowa
31;Szkoła średnia
32;Przedszkole
