42;Książki
43;Komiksy
44;Książki dla dzieci
45;Literatura piękna - proza polska
46;Audiobooki
47;Ekonomia Biznes
48;Romans
49;Literatura dla dzieci
50;Sport, forma fizyczna
51;Lektury szkolne
52;Informatyka, Internet
53;e-booki
54;Dom
55;multimedia
56;Atlasy i przewodniki
57;Filmy
58;Humor Satyra
59;zabawki
60;Pojazdy
61;Gry komputerowe
62;Figurki
63;Puzzle
64;Nauka języków
65;Zabawki do kąpieli
66;Dramat
67;Literatura obcojęzyczna
68;Art.pap.
69;Notatniki
70;Naklejki
71;Szkoła podstawowa
72;Torby, plecaki
73;Przedszkole
74;Szkoła średnia
